,Name,Mileage,Dealer Name,Rating,Rating Count,Price
0,2019 Maserati Ghibli S Q4,"19,018 mi.",Criswell Maserati Alfa Romeo,4.9,(539 reviews),"$52,110"
1,2019 Maserati Ghibli S Q4,"15,691 mi.",Criswell Maserati Alfa Romeo,4.9,(539 reviews),"$51,996"
2,2019 Maserati Levante Base,"16,594 mi.",Faulkner Maserati Alfa Romeo Willow Grove,5.0,(3 reviews),"$56,998"
3,2019 Maserati GranTurismo Sport,"11,999 mi.",Maserati Alfa Romeo of Wilmington Pike,3.3,(87 reviews),"$115,995"
4,2018 Maserati Ghibli S Q4,"28,857 mi.",F.C. Kerbeck & Sons,4.7,(170 reviews),"$54,990"
5,2018 Maserati GranTurismo Sport,"11,814 mi.",Northside Imports Houston,4.7,(182 reviews),"$82,975"
6,2018 Maserati GranTurismo Sport,"20,946 mi.",Russell Westbrook Alfa Romeo Maserati Fiat,4.6,"(1,549 reviews)","$75,943"
7,2019 Maserati Ghibli S Q4,"23,813 mi.",Faulkner Maserati Alfa Romeo Willow Grove,5.0,(3 reviews),"$53,500"
8,2019 Maserati Ghibli Base,"10,432 mi.",Northside Imports Houston,4.7,(182 reviews),"$53,517"
9,2019 Maserati Levante Base,"26,882 mi.","Santa Monica Maserati, Alfa Romeo, Fiat",4.5,(618 reviews),"$54,880"
10,2019 Maserati Levante Base,"36,767 mi.",Fullerton Auto Group,4.6,(334 reviews),"$55,000"
11,2019 Maserati Levante Base,"23,141 mi.",Faulkner Maserati Alfa Romeo Willow Grove,5.0,(3 reviews),"$56,998"
12,2019 Maserati Levante S GranLusso,"19,650 mi.",Maserati Alfa Romeo of Wilmington Pike,3.3,(87 reviews),"$61,995"
13,2019 Maserati Levante GranLusso,"32,818 mi.",THE COLLECTION,4.7,(655 reviews),"$67,900"
14,2019 Maserati Ghibli S Q4,"24,481 mi.",Ferrari Maserati of Atlanta,4.9,(442 reviews),"$52,950"
15,2020 Maserati Levante GranSport,"12,185 mi.",Ferrari of Palm Beach,4.3,(37 reviews),"$74,795"
16,2019 Maserati Levante GranSport,"15,950 mi.",Faulkner Maserati Alfa Romeo Willow Grove,5.0,(3 reviews),"$62,998"
17,2019 Maserati Levante Base,"25,130 mi.",THE COLLECTION,4.7,(655 reviews),"$56,900"
18,2018 Maserati Ghibli S Q4,"26,378 mi.",F.C. Kerbeck & Sons,4.7,(170 reviews),"$55,990"
19,2019 Maserati Ghibli S Q4,"18,154 mi.",Maserati Alfa Romeo of Wilmington Pike,3.3,(87 reviews),"$49,995"
20,2019 Maserati Ghibli S Q4,"33,405 mi.",Maserati Alfa Romeo of Wilmington Pike,3.3,(87 reviews),"$48,582"
21,2019 Maserati Levante S GranLusso,"27,643 mi.",Ferrari Maserati of Atlanta,4.9,(442 reviews),"$65,950"
22,2019 Maserati Levante Base,"33,375 mi.","Santa Monica Maserati, Alfa Romeo, Fiat",4.5,(618 reviews),"$53,880"
23,2019 Maserati Levante GranSport,"16,447 mi.",Maserati Alfa Romeo of Wilmington Pike,3.3,(87 reviews),"$63,570"
24,2019 Maserati Levante Base,"14,053 mi.",THE COLLECTION,4.7,(655 reviews),"$57,200"
25,2019 Maserati Levante Base,"23,763 mi.",THE COLLECTION,4.7,(655 reviews),"$58,900"
26,2018 Maserati GranTurismo Sport,"5,232 mi.",Rusnak Bentley Rolls-Royce Maserati,4.4,(258 reviews),"$84,868"
27,2019 Maserati Levante GranSport,"31,478 mi.",Maserati Alfa Romeo of Wilmington Pike,3.3,(87 reviews),"$61,995"
28,2018 Maserati Ghibli S Q4,"29,861 mi.",Ferrari-Maserati of New England,4.6,(70 reviews),"$49,900"
29,2022 Maserati Levante GT,354 mi.,Joe Rizza Maserati Alfa Romeo,4.8,(186 reviews),"$86,990"
30,2018 Maserati Ghibli S Q4,"33,432 mi.",Ferrari-Maserati of New England,4.6,(70 reviews),"$44,900"
31,2019 Maserati Ghibli S Q4,"33,551 mi.",Ferrari Maserati of Atlanta,4.9,(442 reviews),"$49,950"
32,2018 Maserati Ghibli S Q4 GranLusso,"29,119 mi.","Porsche of the Village, Maserati Cincinnati, Alfa Romeo of Cincinnati, and Volvo Cars of Cincinnati East",4.6,(66 reviews),"$49,900"
33,2019 Maserati Ghibli S Q4 GranLusso,"28,852 mi.",Maserati Alfa Romeo of Wilmington Pike,3.3,(87 reviews),"$54,995"
34,2019 Maserati Ghibli S Q4 GranLusso,"12,679 mi.",F.C. Kerbeck & Sons,4.7,(170 reviews),"$75,880"
35,2021 Maserati Levante S,"16,691 mi.",Russell Westbrook Alfa Romeo Maserati Fiat,4.6,"(1,549 reviews)","$70,995"
36,2019 Maserati Levante GranLusso,"54,033 mi.",Joe Rizza Maserati Alfa Romeo,4.8,(186 reviews),"$60,990"
37,2022 Maserati Levante Modena GTS,"4,324 mi.",Miller Motorcars,4.6,(42 reviews),"$117,900"
38,2018 Maserati Ghibli S Q4,"17,955 mi.",Ron Tonkin Gran Turismo,4.7,(86 reviews),"$49,995"
39,2019 Maserati Ghibli S Q4 GranLusso,"20,934 mi.",Faulkner Maserati Alfa Romeo Willow Grove,5.0,(3 reviews),"$57,998"
40,2018 Maserati Quattroporte S Q4 GranLusso,"31,868 mi.",Maserati Alfa Romeo of Wilmington Pike,3.3,(87 reviews),"$55,995"
41,2019 Maserati Levante GTS,"49,001 mi.",Northside Imports Houston,4.7,(182 reviews),"$84,462"
42,2019 Maserati Ghibli Base,"36,835 mi.",Ferrari Maserati of Atlanta,4.9,(442 reviews),"$48,950"
43,2021 Maserati Levante S,"15,867 mi.",Russell Westbrook Alfa Romeo Maserati Fiat,4.6,"(1,549 reviews)","$70,995"
44,2019 Maserati Ghibli Base,"25,393 mi.","Santa Monica Maserati, Alfa Romeo, Fiat",4.5,(618 reviews),"$50,880"
45,2018 Maserati Ghibli S Q4,"24,227 mi.",Ferrari-Maserati of New England,4.6,(70 reviews),"$47,900"
46,2018 Maserati Ghibli S Q4,"25,613 mi.",Suburban Exotic Motorcars,4.6,(70 reviews),"$47,459"
47,2021 Maserati Levante S,"12,560 mi.",Russell Westbrook Alfa Romeo Maserati Fiat,4.6,"(1,549 reviews)","$72,595"
48,2018 Maserati Ghibli S Q4,"27,905 mi.",Ron Tonkin Gran Turismo,4.7,(86 reviews),"$48,995"
49,2018 Maserati Ghibli S Q4,"39,671 mi.",F.C. Kerbeck & Sons,4.7,(170 reviews),"$45,990"
50,2018 Maserati Ghibli Base,"46,295 mi.",Alfa Romeo & Maserati of Raleigh,4.9,(233 reviews),"$39,997"
51,2019 Maserati Ghibli Base,"25,968 mi.",THE COLLECTION,4.7,(655 reviews),"$47,900"
52,2019 Maserati Ghibli S Q4 GranSport,"12,291 mi.",Northside Imports Houston,4.7,(182 reviews),"$61,114"
53,2019 Maserati Levante S,"13,530 mi.",THE COLLECTION,4.7,(655 reviews),"$64,900"
54,2019 Maserati Ghibli S Q4 GranSport,"15,862 mi.",Miller Motorcars,4.6,(42 reviews),"$58,900"
55,2020 Maserati Levante Base,"11,286 mi.",Russell Westbrook Alfa Romeo Maserati Fiat,4.6,"(1,549 reviews)","$63,195"
56,2019 Maserati Levante Base,"17,584 mi.",Joe Rizza Maserati Alfa Romeo,4.8,(186 reviews),"$64,990"
57,2018 Maserati Levante Base,"25,222 mi.",Maserati Alfa Romeo of Puente Hills,5.0,(1 review),"$49,888"
58,2018 Maserati Ghibli S Q4,"17,525 mi.",Ron Tonkin Gran Turismo,4.7,(86 reviews),"$53,995"
59,2018 Maserati Ghibli S Q4,"6,043 mi.",Ferrari-Maserati of New England,4.6,(70 reviews),"$54,900"
60,2019 Maserati Ghibli S Q4 GranLusso,"24,046 mi.",Maserati Alfa Romeo of Wilmington Pike,3.3,(87 reviews),"$56,955"
61,2018 Maserati Ghibli S Q4,"30,471 mi.",Ferrari-Maserati of New England,4.6,(70 reviews),"$49,900"
62,2021 Maserati Ghibli Base,"3,498 mi.",Rusnak Bentley Rolls-Royce Maserati,4.4,(258 reviews),"$67,988"
63,2022 Maserati Levante Modena,"1,263 mi.",Russell Westbrook Alfa Romeo Maserati Fiat,4.6,"(1,549 reviews)","$92,995"
64,2019 Maserati Ghibli S Q4,"36,026 mi.",Faulkner Maserati Alfa Romeo Willow Grove,5.0,(3 reviews),"$50,500"
65,2019 Maserati Ghibli S Q4,"43,009 mi.",Maserati Alfa Romeo of Wilmington Pike,3.3,(87 reviews),"$46,995"
66,2019 Maserati Ghibli S,"27,798 mi.",THE COLLECTION,4.7,(655 reviews),"$50,900"
67,2018 Maserati Ghibli S Q4,"34,797 mi.",Suburban Exotic Motorcars,4.7,(655 reviews),"$45,859"
68,2021 Maserati Levante S,"7,450 mi.",Maserati of Anaheim Hills/Alfa Romeo of Anaheim Hills,2.3,(7 reviews),"$79,870"
69,2019 Maserati Ghibli Base,"31,129 mi.",Alfa Romeo & Maserati of Raleigh,4.9,(233 reviews),"$49,597"
70,2022 Maserati Levante GT,"4,519 mi.",Maserati Alfa Romeo of Puente Hills,5.0,(1 review),"$74,888"
71,2018 Maserati Ghibli Base,"36,328 mi.",Russell Westbrook Alfa Romeo Maserati Fiat,4.6,"(1,549 reviews)","$37,995"
72,2021 Maserati Levante ,"7,415 mi.",Fullerton Auto Group,4.6,(334 reviews),"$66,000"
73,2021 Maserati Ghibli S Q4,"5,492 mi.",Fullerton Auto Group,4.6,(334 reviews),"$57,000"
74,2019 Maserati Levante S GranLusso,"16,473 mi.",Russell Westbrook Alfa Romeo Maserati Fiat,4.6,"(1,549 reviews)","$61,995"
75,2019 Maserati Ghibli S Q4,"3,856 mi.",Maserati of the Main Line,4.9,(376 reviews),"$56,900"
76,2020 Maserati Levante Base,"29,640 mi.",Faulkner Maserati Alfa Romeo Willow Grove,5.0,(3 reviews),"$59,998"
77,2019 Maserati Levante S GranLusso,"33,272 mi.",Maserati Alfa Romeo of Wilmington Pike,3.3,(87 reviews),"$60,995"
78,2018 Maserati Ghibli S Q4,"19,355 mi.",Ferrari-Maserati of New England,4.6,(70 reviews),"$55,900"
79,2018 Maserati Ghibli S Q4,"30,254 mi.",Ferrari-Maserati of New England,4.6,(70 reviews),"$51,900"
80,2019 Maserati Ghibli Base,"27,119 mi.",THE COLLECTION,4.7,(655 reviews),"$45,700"
81,2018 Maserati Levante Base,"29,003 mi.",Maserati Alfa Romeo of Wilmington Pike,3.3,(87 reviews),"$45,995"
82,2018 Maserati Quattroporte S Q4 GranLusso,"35,814 mi.",Maserati Alfa Romeo of Wilmington Pike,3.3,(87 reviews),"$55,995"
83,2018 Maserati Quattroporte S Q4,"26,077 mi.",Ferrari-Maserati of New England,4.6,(70 reviews),"$68,900"
84,2021 Maserati Levante Base,"1,511 mi.",Ron Tonkin Gran Turismo,4.7,(86 reviews),"$79,995"
85,2018 Maserati Ghibli S Q4 GranLusso,"23,190 mi.",Maserati Alfa Romeo of Wilmington Pike,3.3,(87 reviews),"$47,995"
86,2019 Maserati Ghibli S Q4,"34,870 mi.",F.C. Kerbeck & Sons,4.7,(170 reviews),"$55,990"
87,2018 Maserati Quattroporte S,"46,057 mi.",Russell Westbrook Alfa Romeo Maserati Fiat,4.6,"(1,549 reviews)","$46,795"
88,2018 Maserati Ghibli S Q4,"23,568 mi.",Ferrari-Maserati of New England,4.6,(70 reviews),"$48,900"
89,2018 Maserati Levante S,"27,071 mi.",Russell Westbrook Alfa Romeo Maserati Fiat,4.6,"(1,549 reviews)","$58,695"
90,2019 Maserati Ghibli Base,"23,732 mi.",Russell Westbrook Alfa Romeo Maserati Fiat,4.6,"(1,549 reviews)","$45,495"
91,2019 Maserati Ghibli Base,"20,436 mi.",Rusnak Bentley Rolls-Royce Maserati,4.4,(258 reviews),"$48,988"
92,2019 Maserati Ghibli Base,"21,720 mi.",Russell Westbrook Alfa Romeo Maserati Fiat,4.6,"(1,549 reviews)","$45,995"
93,2019 Maserati Ghibli S Q4 GranSport,"30,751 mi.",F.C. Kerbeck & Sons,4.7,(170 reviews),"$60,990"
94,2018 Maserati Ghibli S,"25,230 mi.",F.C. Kerbeck & Sons,4.7,(170 reviews),"$47,830"
95,2019 Maserati Levante Base,"29,016 mi.",Umansky Maserati,3.0,(2 reviews),"$62,499"
96,2018 Maserati Ghibli S Q4 GranLusso,"46,396 mi.","Porsche of the Village, Maserati Cincinnati, Alfa Romeo of Cincinnati, and Volvo Cars of Cincinnati East",4.6,(66 reviews),"$48,400"
97,2018 Maserati Levante Base,"20,093 mi.","Santa Monica Maserati, Alfa Romeo, Fiat",4.5,(618 reviews),"$54,880"
98,2022 Maserati Levante Modena,"3,008 mi.",Maserati of Anaheim Hills/Alfa Romeo of Anaheim Hills,2.3,(7 reviews),"$110,888"
99,2018 Maserati Ghibli Base,"41,051 mi.",Alfa Romeo & Maserati of Raleigh,4.9,(233 reviews),"$43,895"
100,2019 Maserati Ghibli S Q4 GranSport,"10,198 mi.",Ron Tonkin Gran Turismo,4.7,(86 reviews),"$65,995"
101,2019 Maserati Levante Base,"22,911 mi.","Porsche of the Village, Maserati Cincinnati, Alfa Romeo of Cincinnati, and Volvo Cars of Cincinnati East",4.6,(66 reviews),"$59,800"
102,2019 Maserati Ghibli S GranLusso,"25,963 mi.",THE COLLECTION,4.7,(655 reviews),"$52,200"
103,2018 Maserati Ghibli S Q4,"28,421 mi.",Valenti Maserati,4.8,(22 reviews),"$49,999"
104,2021 Maserati Levante Base,"5,090 mi.",Ken Pollock Alfa Romeo Maserati,4.9,(175 reviews),"$75,999"
105,2019 Maserati Levante S GranLusso,"24,539 mi.",Maserati of the Main Line,4.9,(376 reviews),"$68,500"
106,2021 Maserati Ghibli Base,"5,891 mi.",Rusnak Bentley Rolls-Royce Maserati,4.4,(258 reviews),"$66,988"
107,2019 Maserati Levante Base,"26,195 mi.",Ferrari Maserati of Atlanta,4.9,(442 reviews),"$58,950"
108,2021 Maserati Ghibli Base,"4,155 mi.",Rusnak Bentley Rolls-Royce Maserati,4.4,(258 reviews),"$66,988"
109,2019 Maserati Ghibli S Q4,"16,238 mi.",Miller Motorcars,4.6,(42 reviews),Not Priced
110,2019 Maserati Quattroporte S Q4,"24,327 mi.",Ferrari-Maserati of New England,4.6,(70 reviews),"$76,900"
111,2019 Maserati Ghibli S,"7,930 mi.","Santa Monica Maserati, Alfa Romeo, Fiat",4.5,(618 reviews),"$56,690"
112,2019 Maserati Levante S GranSport,"20,437 mi.",Rusnak Bentley Rolls-Royce Maserati,4.4,(258 reviews),"$67,998"
113,2019 Maserati Levante S,"13,648 mi.","Santa Monica Maserati, Alfa Romeo, Fiat",4.5,(618 reviews),"$64,380"
114,2018 Maserati Quattroporte S Q4 GranLusso,"21,480 mi.",Maranello Maserati Alfa Romeo of Western New York,4.5,(0 reviews),"$62,795"
115,2019 Maserati Levante GranLusso,"21,490 mi.",Ferrari-Maserati of New England,4.6,(70 reviews),"$75,900"
116,2018 Maserati GranTurismo Sport,"28,496 mi.",Ferrari-Maserati of New England,4.6,(70 reviews),"$89,900"
117,2018 Maserati Levante GranLusso,"29,270 mi.",Ferrari-Maserati of New England,4.6,(70 reviews),"$58,900"
118,2019 Maserati Ghibli S Q4,"10,042 mi.",Ron Tonkin Gran Turismo,4.7,(86 reviews),"$58,321"
119,2021 Maserati Levante S GranSport,"11,520 mi.",Daytona Dodge Chrysler Jeep Ram & FIAT,4.3,(387 reviews),"$82,242"
120,2018 Maserati Quattroporte S Q4,"30,348 mi.",Suburban Exotic Motorcars,4.3,(387 reviews),"$54,950"
121,2018 Maserati Levante GranLusso,"27,458 mi.",Northside Imports Houston,4.7,(182 reviews),"$56,541"
122,2021 Maserati Levante GranSport,"12,003 mi.","Porsche of the Village, Maserati Cincinnati, Alfa Romeo of Cincinnati, and Volvo Cars of Cincinnati East",4.6,(66 reviews),"$78,900"
123,2018 Maserati GranTurismo Sport,"34,347 mi.",Umansky Maserati,3.0,(2 reviews),"$94,888"
124,2019 Maserati Levante GranLusso,"14,543 mi.",Maserati Alfa Romeo of Wilmington Pike,3.3,(87 reviews),"$64,599"
125,2018 Maserati Ghibli ,"16,743 mi.",F.C. Kerbeck & Sons,4.7,(170 reviews),"$55,880"
126,2019 Maserati Levante GTS,"10,783 mi.","Porsche of the Village, Maserati Cincinnati, Alfa Romeo of Cincinnati, and Volvo Cars of Cincinnati East",4.6,(66 reviews),"$88,900"
127,2018 Maserati GranTurismo Sport,"15,680 mi.",Maserati Alfa Romeo of Wilmington Pike,3.3,(87 reviews),"$94,995"
128,2019 Maserati Ghibli S GranLusso,"23,730 mi.",Ferrari Maserati of Atlanta,4.9,(442 reviews),"$57,950"
129,2020 Maserati Ghibli S,"12,274 mi.",Ferrari of Palm Beach,4.3,(37 reviews),"$57,495"
130,2018 Maserati Quattroporte S Q4,"5,505 mi.",Ron Tonkin Gran Turismo,4.7,(86 reviews),"$67,995"
131,2019 Maserati Ghibli Base,"25,959 mi.",Ferrari Maserati of Atlanta,4.9,(442 reviews),"$50,950"
132,2020 Maserati Ghibli S Q4,"9,135 mi.",Maserati Alfa Romeo of Wilmington Pike,3.3,(87 reviews),"$59,995"
133,2018 Maserati Ghibli S,"29,156 mi.","Santa Monica Maserati, Alfa Romeo, Fiat",4.5,(618 reviews),"$47,380"
134,2021 Maserati Levante Trofeo,"5,675 mi.",Alfa Romeo & Maserati of Raleigh,4.9,(233 reviews),"$131,997"
135,2019 Maserati Levante GTS,"22,566 mi.",Maserati Alfa Romeo of Wilmington Pike,3.3,(87 reviews),"$85,995"
136,2018 Maserati GranTurismo Sport,"16,991 mi.","Porsche of the Village, Maserati Cincinnati, Alfa Romeo of Cincinnati, and Volvo Cars of Cincinnati East",4.6,(66 reviews),"$99,500"
137,2021 Maserati Levante Base,"6,751 mi.",Ferrari-Maserati of New England,4.6,(70 reviews),"$79,900"
138,2018 Maserati Levante GranSport,"23,020 mi.",Maserati Alfa Romeo of Wilmington Pike,3.3,(87 reviews),"$54,995"
139,2018 Maserati Levante S GranSport,"17,472 mi.",Maserati Alfa Romeo of Wilmington Pike,3.3,(87 reviews),"$60,317"
140,2020 Maserati Levante GTS,"8,767 mi.",Ferrari-Maserati of New England,4.6,(70 reviews),"$109,900"
141,2021 Maserati Levante GranLusso,"6,958 mi.",Maserati of the Main Line,4.9,(376 reviews),"$79,500"
142,2019 Maserati Levante Base,"22,435 mi.",Maserati Alfa Romeo of Wilmington Pike,3.3,(87 reviews),"$54,995"
143,2021 Maserati Ghibli S Q4,"4,282 mi.",Faulkner Maserati Alfa Romeo Willow Grove,5.0,(3 reviews),"$75,998"
144,2019 Maserati Ghibli S Q4,"23,972 mi.",Northside Imports Houston,4.7,(182 reviews),"$52,111"
145,2018 Maserati Ghibli S,"11,044 mi.",THE COLLECTION,4.7,(655 reviews),"$48,200"
146,2018 Maserati Ghibli S Q4 GranSport,"23,386 mi.",Ron Tonkin Gran Turismo,4.7,(86 reviews),"$58,995"
147,2018 Maserati GranTurismo Sport,"20,868 mi.",Naples Luxury Imports,4.9,"(1,255 reviews)","$109,998"
148,2018 Maserati Levante Base,"36,226 mi.",Maserati Alfa Romeo of Puente Hills,5.0,(1 review),"$52,888"
149,2019 Maserati Ghibli S GranSport,"22,984 mi.",THE COLLECTION,4.7,(655 reviews),"$54,900"
150,2021 Maserati Levante S GranLusso,"6,151 mi.",Maserati Alfa Romeo of Puente Hills,5.0,(1 review),"$86,988"
151,2018 Maserati Ghibli S Q4,"16,886 mi.","Porsche of the Village, Maserati Cincinnati, Alfa Romeo of Cincinnati, and Volvo Cars of Cincinnati East",4.6,(66 reviews),"$49,900"
152,2019 Maserati Levante S,"33,094 mi.",Rusnak Bentley Rolls-Royce Maserati,4.4,(258 reviews),"$62,988"
153,2019 Maserati Levante GranSport,"33,173 mi.",THE COLLECTION,4.7,(655 reviews),"$65,700"
154,2018 Maserati GranTurismo Sport,"33,663 mi.",Benchmark Imports,4.7,(652 reviews),"$78,800"
155,2021 Maserati Quattroporte S Q4 GranLusso,"5,428 mi.",Russell Westbrook Alfa Romeo Maserati Fiat,4.6,"(1,549 reviews)","$89,995"
156,2021 Maserati Levante GranLusso,"4,797 mi.",Maserati of the Main Line,4.9,(376 reviews),"$79,500"
157,2020 Maserati Levante Base,"9,477 mi.",Ferrari Maserati Alfa Romeo of Fort Lauderdale,4.8,"(1,632 reviews)","$66,900"
158,2022 Maserati Ghibli F Tributo Q4,"9,573 mi.",Maserati of the Main Line,4.9,(376 reviews),"$93,900"
159,2019 Maserati Levante SQ4,"18,714 mi.",Maserati and Alfa Romeo of Marin,5.0,(4 reviews),"$58,991"
160,2020 Maserati Levante Q4,"18,926 mi.",Miller Motorcars,4.6,(42 reviews),"$64,900"
161,2018 Maserati GranTurismo Sport,"10,231 mi.",Ferrari-Maserati of New England,4.6,(70 reviews),"$84,900"
162,2019 Maserati Quattroporte S Q4 GranLusso,"10,211 mi.",Faulkner Maserati Alfa Romeo Willow Grove,5.0,(3 reviews),"$69,500"
163,2020 Maserati Ghibli Base,"8,755 mi.","Bentley, Maserati & Rolls-Royce Motor Cars by O'Gara Westlake",3.5,(11 reviews),"$61,577"
164,2019 Maserati Levante S GranSport,"15,280 mi.",Maserati and Alfa Romeo of Marin,5.0,(4 reviews),"$68,991"
165,2021 Maserati Levante S GranLusso,"13,439 mi.",Ferrari-Maserati of New England,4.6,(70 reviews),"$89,900"
166,2019 Maserati GranTurismo MC,"10,584 mi.",Umansky Maserati,3.0,(2 reviews),"$112,990"
167,2020 Maserati Levante S,"39,032 mi.",Umansky Maserati,3.0,(2 reviews),"$67,995"
168,2017 Maserati GranTurismo Sport,"20,792 mi.","Porsche of the Village, Maserati Cincinnati, Alfa Romeo of Cincinnati, and Volvo Cars of Cincinnati East",4.6,(66 reviews),"$66,800"
169,2018 Maserati Levante S GranLusso,"30,414 mi.",Rusnak Bentley Rolls-Royce Maserati,4.4,(258 reviews),"$56,888"
170,2022 Maserati Levante GT,"6,500 mi.",Maserati Alfa Romeo of Wilmington Pike,3.3,(87 reviews),"$77,995"
171,2018 Maserati Ghibli S Q4 GranSport,"30,216 mi.",Ferrari-Maserati of New England,4.6,(70 reviews),"$51,900"
172,2018 Maserati Levante S,"32,440 mi.",Rusnak Bentley Rolls-Royce Maserati,4.4,(258 reviews),"$55,998"
173,2019 Maserati Ghibli S,"24,964 mi.",Alfa Romeo & Maserati of Raleigh,4.9,(233 reviews),"$52,997"
174,2018 Maserati Quattroporte S Q4 GranLusso,"9,190 mi.",Helfman Dodge Chrysler Jeep Ram FIAT Alfa Romeo Maserati,4.6,(333 reviews),"$62,945"
175,2019 Maserati Quattroporte S Q4 GranLusso,"21,459 mi.","Porsche of the Village, Maserati Cincinnati, Alfa Romeo of Cincinnati, and Volvo Cars of Cincinnati East",4.6,(66 reviews),"$70,900"
176,2020 Maserati Levante GranLusso,"11,983 mi.",Northside Imports Houston,4.7,(182 reviews),"$73,347"
177,2018 Maserati Quattroporte S Q4 GranLusso,"22,909 mi.",Alfa Romeo & Maserati of Raleigh,4.9,(233 reviews),"$61,697"
178,2021 Maserati Quattroporte S Q4,"5,949 mi.","Porsche of the Village, Maserati Cincinnati, Alfa Romeo of Cincinnati, and Volvo Cars of Cincinnati East",4.6,(66 reviews),"$97,800"
179,2018 Maserati GranTurismo MC,"26,200 mi.",Rusnak Bentley Rolls-Royce Maserati,4.4,(258 reviews),"$84,888"
180,2022 Maserati Levante GT,"13,217 mi.",Northside Imports Houston,4.7,(182 reviews),"$78,544"
181,2018 Maserati GranTurismo Sport,"12,688 mi.",Faulkner Maserati Alfa Romeo Willow Grove,5.0,(3 reviews),"$81,998"
182,2018 Maserati Quattroporte S,"32,042 mi.",Umansky Maserati,3.0,(2 reviews),"$63,995"
183,2018 Maserati Quattroporte S Q4 GranLusso,"14,915 mi.",Valenti Maserati,4.8,(22 reviews),"$63,959"
184,2021 Maserati Ghibli S Q4,"12,572 mi.",Ferrari-Maserati of New England,4.6,(70 reviews),"$69,900"
185,2021 Maserati Ghibli S Q4,"15,538 mi.",Alfa Romeo & Maserati of Raleigh,4.9,(233 reviews),"$69,997"
186,2019 Maserati Quattroporte S,"15,242 mi.","Santa Monica Maserati, Alfa Romeo, Fiat",4.5,(618 reviews),"$61,880"
187,2019 Maserati Levante S GranSport,"31,630 mi.",Ferrari-Maserati of New England,4.6,(70 reviews),"$65,900"
188,2019 Maserati Levante GranLusso,"35,556 mi.",Ferrari Maserati of Atlanta,4.9,(442 reviews),"$61,950"
189,2019 Maserati Ghibli S GranSport,"6,192 mi.",Northside Imports Houston,4.7,(182 reviews),"$65,566"
190,2019 Maserati Ghibli S,"9,792 mi.",Naples Luxury Imports,4.9,"(1,255 reviews)","$59,998"
191,2018 Maserati GranTurismo Sport,"36,270 mi.",Umansky Maserati,3.0,(2 reviews),"$93,995"
192,2018 Maserati Ghibli S GranSport,"10,662 mi.",Naples Luxury Imports,4.9,"(1,255 reviews)","$61,998"
193,2018 Maserati Levante GranLusso,"40,748 mi.","Porsche of the Village, Maserati Cincinnati, Alfa Romeo of Cincinnati, and Volvo Cars of Cincinnati East",4.6,(66 reviews),"$49,990"
194,2020 Maserati Quattroporte S Q4,"8,435 mi.",Maserati Alfa Romeo of Wilmington Pike,3.3,(87 reviews),"$77,995"
195,2021 Maserati Ghibli S,"3,334 mi.",Russell Westbrook Alfa Romeo Maserati Fiat,4.6,"(1,549 reviews)","$64,595"
196,2020 Maserati Quattroporte S GranLusso,"15,653 mi.",Maserati Alfa Romeo of Wilmington Pike,3.3,(87 reviews),"$82,995"
197,2021 Maserati Ghibli S Q4 GranSport,"3,139 mi.",Miller Motorcars,4.6,(42 reviews),"$83,900"
198,2018 Maserati Ghibli Base,"20,128 mi.",Ferrari Maserati of Atlanta,4.9,(442 reviews),"$44,950"
199,2018 Maserati GranTurismo Sport,"13,318 mi.",Russell Westbrook Alfa Romeo Maserati Fiat,4.6,"(1,549 reviews)","$78,995"
200,2021 Maserati Levante S,"13,294 mi.",Alfa Romeo & Maserati of Raleigh,4.9,(233 reviews),"$74,772"
201,2018 Maserati GranTurismo Sport,"8,336 mi.",Ferrari of Palm Beach,4.3,(37 reviews),"$73,495"
202,2018 Maserati GranTurismo Sport,"14,823 mi.",Rusnak Bentley Rolls-Royce Maserati,4.4,(258 reviews),"$99,698"
203,2019 Maserati Ghibli S Q4,"41,972 mi.",Umansky Maserati,3.0,(2 reviews),"$49,998"
204,2021 Maserati Ghibli ,"6,761 mi.",Rusnak Bentley Rolls-Royce Maserati,4.4,(258 reviews),"$65,998"
205,2019 Maserati Ghibli S Q4 GranSport,"8,699 mi.",Alfa Romeo & Maserati of Raleigh,4.9,(233 reviews),"$61,997"
206,2018 Maserati GranTurismo Sport,"23,518 mi.",Northside Imports Houston,4.7,(182 reviews),"$99,114"
207,2019 Maserati Ghibli Base,"38,004 mi.",Umansky Maserati,3.0,(2 reviews),"$49,588"
208,2019 Maserati Ghibli Base,"35,796 mi.",Umansky Maserati,3.0,(2 reviews),"$52,995"
209,2019 Maserati Levante GTS,"18,584 mi.",Maserati Louisville,4.5,(31 reviews),"$120,000"
210,2021 Maserati Ghibli Base,"5,165 mi.",Rusnak Bentley Rolls-Royce Maserati,4.4,(258 reviews),"$66,888"
211,2019 Maserati Levante Base,"17,325 mi.",Alfa Romeo & Maserati of Raleigh,4.9,(233 reviews),"$60,997"
212,2020 Maserati Levante S GranSport,"3,500 mi.",Maserati Alfa Romeo of Wilmington Pike,3.3,(87 reviews),"$69,995"
213,2017 Maserati GranTurismo Sport,"8,022 mi.",F.C. Kerbeck & Sons,4.7,(170 reviews),"$79,990"
214,2018 Maserati Ghibli S Q4 GranLusso,"21,916 mi.",Maserati Alfa Romeo of Wilmington Pike,3.3,(87 reviews),"$49,995"
215,2021 Maserati Levante GranSport,"13,571 mi.",Maserati Alfa Romeo of Wilmington Pike,3.3,(87 reviews),"$77,995"
216,2018 Maserati Ghibli S,"9,042 mi.",THE COLLECTION,4.7,(655 reviews),"$52,900"
217,2019 Maserati Ghibli S Q4 GranSport,"43,247 mi.",Ferrari Maserati of Atlanta,4.9,(442 reviews),"$52,950"
218,2018 Maserati GranTurismo Sport,"38,698 mi.",Faulkner Maserati Alfa Romeo Willow Grove,5.0,(3 reviews),"$83,998"
219,2020 Maserati Levante S GranSport,"8,318 mi.","Bentley, Maserati & Rolls-Royce Motor Cars by O'Gara Westlake",3.5,(11 reviews),"$72,984"
220,2020 Maserati Ghibli S Q4,"14,890 mi.",Maserati of the Main Line,4.9,(376 reviews),"$61,900"
221,2019 Maserati Quattroporte S,"35,645 mi.","Santa Monica Maserati, Alfa Romeo, Fiat",4.5,(618 reviews),"$61,880"
222,2021 Maserati Quattroporte S GranLusso,"7,584 mi.",Russell Westbrook Alfa Romeo Maserati Fiat,4.6,"(1,549 reviews)","$88,595"
223,2020 Maserati Ghibli Base,"12,301 mi.",Alfa Romeo & Maserati of Raleigh,4.9,(233 reviews),"$55,997"
224,2019 Maserati Levante S GranSport,"30,444 mi.",Russell Westbrook Alfa Romeo Maserati Fiat,4.6,"(1,549 reviews)","$63,995"
225,2021 Maserati Levante Base,"5,710 mi.",Maserati of the Main Line,4.9,(376 reviews),"$76,500"
226,2020 Maserati Levante GranSport,"11,943 mi.",Benchmark Imports,4.7,(652 reviews),"$73,800"
227,2018 Maserati Levante S GranSport,"45,705 mi.",Ferrari Maserati of Atlanta,4.9,(442 reviews),"$57,950"
228,2018 Maserati Ghibli S Q4,"44,642 mi.",Ferrari-Maserati of New England,4.6,(70 reviews),"$45,900"
229,2021 Maserati Levante GranLusso,"2,500 mi.",Morrie's Luxury Auto,4.4,(148 reviews),"$77,997"
230,2018 Maserati GranTurismo Sport,"6,420 mi.",Maserati of the Main Line,4.9,(376 reviews),"$82,900"
231,2019 Maserati Ghibli S Q4,"24,264 mi.",Valenti Maserati,4.8,(22 reviews),"$52,799"
232,2022 Maserati Levante Modena S,"5,935 mi.",Faulkner Maserati Alfa Romeo Willow Grove,5.0,(3 reviews),"$111,998"
233,2021 Maserati Levante S,"4,468 mi.",Maserati of the Main Line,4.9,(376 reviews),"$81,900"
234,2020 Maserati Levante GTS,"30,977 mi.",Benchmark Imports,4.7,(652 reviews),"$92,800"
235,2022 Maserati Levante GT,"4,925 mi.",Suburban Exotic Motorcars,4.7,(652 reviews),"$87,950"
236,2021 Maserati Ghibli S Q4,"3,909 mi.",Maserati of the Main Line,4.9,(376 reviews),"$75,900"
237,2021 Maserati Ghibli S Q4,"1,982 mi.",Maserati of the Main Line,4.9,(376 reviews),"$75,900"
238,2020 Maserati Quattroporte S GranSport,"8,571 mi.",Russell Westbrook Alfa Romeo Maserati Fiat,4.6,"(1,549 reviews)","$74,995"
239,2018 Maserati Ghibli S Q4 GranSport,"21,942 mi.",Maserati of Salt Lake City,3.1,(7 reviews),"$52,399"
240,2018 Maserati Levante GranSport,"30,916 mi.",Alfa Romeo & Maserati of Raleigh,4.9,(233 reviews),"$58,997"
241,2020 Maserati Quattroporte S Q4 GranSport,"4,998 mi.",Maserati Alfa Romeo of Wilmington Pike,3.3,(87 reviews),"$92,995"
242,2018 Maserati GranTurismo Sport,"8,367 mi.","Ferrari, Maserati & Alfa Romeo of Seattle",5.0,(13 reviews),"$87,888"
243,2022 Maserati Levante GT,"2,081 mi.",Maserati of the Main Line,4.9,(376 reviews),"$83,500"
244,2019 Maserati Levante S,"43,555 mi.",Alfa Romeo & Maserati of Raleigh,4.9,(233 reviews),"$61,997"
245,2017 Maserati Levante S,"40,892 mi.",Sill-TerHar Motors,4.7,"(1,675 reviews)","$53,250"
246,2021 Maserati Ghibli S,"1,522 mi.",Maserati of the Main Line,4.9,(376 reviews),"$72,500"
247,2021 Maserati Ghibli Trofeo,"6,184 mi.",Maserati of the Main Line,4.9,(376 reviews),"$103,900"
248,2021 Maserati Ghibli Trofeo,"3,065 mi.",Maserati of the Main Line,4.9,(376 reviews),"$106,900"
249,2019 Maserati Levante Base,"20,893 mi.",Ferrari Maserati of Atlanta,4.9,(442 reviews),"$61,950"
250,2022 Maserati Ghibli Modena,"5,075 mi.",Ferrari Maserati Alfa Romeo of Fort Lauderdale,4.8,"(1,632 reviews)","$82,900"
251,2022 Maserati Ghibli Modena,"5,063 mi.",Ferrari Maserati Alfa Romeo of Fort Lauderdale,4.8,"(1,632 reviews)","$82,900"
252,2021 Maserati Levante GranSport,69 mi.,Boston Motorsports Maserati Alfa Romeo,4.8,(15 reviews),"$89,900"
253,2019 Maserati Levante Base,"27,163 mi.","Santa Monica Maserati, Alfa Romeo, Fiat",4.5,(618 reviews),"$55,990"
254,2018 Maserati GranTurismo Sport,"28,816 mi.","Santa Monica Maserati, Alfa Romeo, Fiat",4.5,(618 reviews),"$96,880"
255,2022 Maserati Levante GT,"4,113 mi.",Maserati of Anaheim Hills/Alfa Romeo of Anaheim Hills,2.3,(7 reviews),"$87,695"
256,2019 Maserati Quattroporte S,"15,343 mi.",Naples Luxury Imports,4.9,"(1,255 reviews)","$69,998"
257,2022 Maserati Ghibli Modena,"4,521 mi.",Ferrari Maserati Alfa Romeo of Fort Lauderdale,4.8,"(1,632 reviews)","$82,900"
258,2018 Maserati GranTurismo Sport,"7,296 mi.",Maserati Alfa Romeo of Wilmington Pike,3.3,(87 reviews),"$79,890"
259,2019 Maserati Ghibli Base,"17,034 mi.",Maserati Alfa Romeo of Puente Hills,5.0,(1 review),"$49,888"
260,2020 Maserati Ghibli S,"12,186 mi.",Northside Imports Houston,4.7,(182 reviews),"$62,212"
261,2020 Maserati Levante Base,"17,317 mi.","Bentley, Maserati & Rolls-Royce Motor Cars by O'Gara Westlake",3.5,(11 reviews),"$66,326"
262,2022 Maserati Levante Modena S,"1,660 mi.",Umansky Maserati,3.0,(2 reviews),"$129,995"
263,2022 Maserati Levante GT,"6,474 mi.",Maserati of Anaheim Hills/Alfa Romeo of Anaheim Hills,2.3,(7 reviews),"$82,959"
264,2019 Maserati Quattroporte GTS GranLusso,"21,845 mi.",THE COLLECTION,4.7,(655 reviews),"$77,900"
265,2019 Maserati Levante GranLusso,"43,660 mi.",Umansky Maserati,3.0,(2 reviews),"$63,988"
266,2019 Maserati Levante Base,"20,834 mi.",Bennett Maserati of Allentown,3.7,(19 reviews),"$56,498"
267,2018 Maserati GranTurismo Sport Convertible,"10,400 mi.",Maserati Westport,5.0,(1 review),Not Priced
268,2019 Maserati Ghibli S,"41,579 mi.",Umansky Maserati,3.0,(2 reviews),"$54,995"
269,2022 Maserati Ghibli Modena,"5,759 mi.",Ferrari Maserati Alfa Romeo of Fort Lauderdale,4.8,"(1,632 reviews)","$81,900"
270,2019 Maserati Levante GranSport,"14,918 mi.",THE COLLECTION,4.7,(655 reviews),"$69,900"
271,2021 Maserati Ghibli S Q4,"10,768 mi.",Maserati Louisville,4.5,(31 reviews),"$79,425"
272,2022 Maserati Levante Trofeo,"3,053 mi.",Maserati of the Main Line,4.9,(376 reviews),"$144,900"
273,2019 Maserati Levante GranSport,"33,762 mi.",Northside Imports Houston,4.7,(182 reviews),"$62,452"
274,2020 Maserati Quattroporte S Q4 GranSport,115 mi.,Maserati Alfa Romeo of Wilmington Pike,3.3,(87 reviews),"$84,995"
275,2022 Maserati Ghibli Modena,"4,453 mi.",Ferrari Maserati Alfa Romeo of Fort Lauderdale,4.8,"(1,632 reviews)","$82,900"
276,2019 Maserati Ghibli S Q4,"21,660 mi.",Boston Motorsports Maserati Alfa Romeo,4.8,(15 reviews),"$51,900"
277,2020 Maserati Levante S,"13,782 mi.","Bentley, Maserati & Rolls-Royce Motor Cars by O'Gara Westlake",3.5,(11 reviews),"$64,991"
